0.4640234218795757,0.572047310818772,-0.4174587513638843,0.5321393887337107
0.4862810556890915,0.6124530984414687,-0.3632342273273935,0.5064512150101124
0.4690876478364253,0.5888341034967088,-0.3949089222279572,0.5265720466861777
-0.4715945406536499,-0.3673176228243416,0.5976690184413972,-0.5342921462866962
0.47803034461680893,0.5981378291369073,-0.38385388706443496,0.5161146387833296
0.5239330914191738,0.5616969648991113,-0.4350685106808467,0.46979359973612234
0.5071576660526831,0.579786033568124,-0.41032515023854954,0.4881316708891662
0.48449309116162326,0.6012981713560032,-0.38071713633567894,0.5086859697700948
0.49990902301037704,0.5994963308171126,-0.3831490424232503,0.49385415796546217
0.5098904840992206,0.5677623446359228,-0.4271977916129713,0.484932635609919
0.5101999264058344,0.5658914012322579,-0.4293361161907775,0.4849056160131495
0.4998526380646577,0.6001138159574155,-0.3813935063621925,0.4945197078191968
-0.45046022836955363,-0.34045821671830406,0.6090587314956698,-0.556975086440253
-0.4534334003647806,-0.36374023188980875,0.5960637086874065,-0.5538946202340252
0.4903207463033398,0.6168277562128842,-0.35799313221251955,0.5009491014051066
0.49161106377019653,0.5790144829075837,-0.4126906572122888,0.5027397060225981
0.5005433819812729,0.5974043591221015,-0.3860701152975024,0.4934716005312098
0.5005433819812729,0.5974043591221015,-0.3860701152975024,0.4934716005312098
0.49884489293774026,0.5906385132398163,-0.39585578989056436,0.4955785639814453
0.49843291424655845,0.6142095247449029,-0.36205317327339237,0.4931823085137892
0.4913668926908657,0.614994793095029,-0.36260520464526613,0.4988561383780803
0.49425638514533426,0.6133168594758438,-0.36645505514924925,0.4952411010622158
0.482803630424639,0.6197410691116993,-0.356420121629914,0.505753258617672
0.48969830823565513,0.6002161519314493,-0.3859041367482304,0.5010131087230593
0.49179070691312515,0.6050523918590573,-0.37532747935939226,0.5011813912519574
0.5072063940929479,0.5823842324689221,-0.40912296165646883,0.4859924709378255
0.5070334089483273,0.5891178283688513,-0.4018086009180563,0.484156126406019
0.5125738261512919,0.6075126136683853,-0.38090664523938755,0.47234163969621373
0.4607445091352687,0.6398817892405242,-0.3391072153201083,0.5131004673725091
0.4686285338638325,0.6275719304888613,-0.36254171619040587,0.5050784823498561
0.45659396295713706,0.6219622534699354,-0.3662479533351558,0.5201416585195862
0.45673658305166875,0.6172567082575452,-0.3713725927176781,0.5219849108848793
0.45887936122845974,0.6129637431576016,-0.375566240355053,0.5221639402700585
0.46249350500241326,0.6103608859791019,-0.37504802753514793,0.5223967110725176
0.47297604509557306,0.5990023617569932,-0.38473173815542133,0.5191062714234947
-0.42191790564440196,-0.38320512989067873,0.5847157036294856,-0.5772751988880044
-0.4455086823406665,-0.3587177841543536,0.6019781153874307,-0.5571946822117659
0.5064019794367739,0.5882043678917699,-0.39375589089162866,0.4924722887672974
0.5126470897484982,0.5801637822508533,-0.4078903825769392,0.4839714691363716
0.5131227269630952,0.5782126657849156,-0.41040728530068665,0.4836745190435189
-0.4806134283962978,-0.3540008599895431,0.6086079437998769,-0.5227719333662689
-0.47160469362479257,-0.3900278209564391,0.5866193355161877,-0.5304197083721378
-0.471845073906265,-0.4047401523371524,0.5775298469512028,-0.5291567926399606
-0.46018227662012967,-0.3374462735217999,0.6127583467226317,-0.5467078683288835
-0.4693834136473583,-0.38268285450810724,0.5902287348694188,-0.5337256639817177
0.5157774238366258,0.5895219398922352,-0.39686793096672895,0.47846982853293607
0.5285632282970599,0.5849453810943724,-0.4021510421550931,0.46554737043841404
0.5019389704507048,0.594689628372978,-0.3898449437958057,0.4923641291212638
0.5034302209624587,0.5726482208062419,-0.41785015702207357,0.4939972409900321
0.4999853242143213,0.5830015199849603,-0.4043889666374005,0.49658178271807474
0.5183177130287144,0.57955137180296,-0.4101979788345024,0.47665980946801
0.5038259351522146,0.5640128229837685,-0.4283076102784929,0.49457209136323405
-0.46430222066427357,-0.34560512401524457,0.6068996938266507,-0.544658891209672
0.5251753960167871,0.5561147483804532,-0.44057415084127327,0.4699165964964924
0.49573197581185746,0.5930380577969808,-0.39236416454499184,0.49860408396138034
-0.4915233725504178,-0.38472177068804664,0.5877448058938411,-0.5147329176768554
-0.5006414724014944,-0.4502943090131261,0.5436860076117631,-0.5009976811415766
-0.5545931044296785,-0.5159166765960584,0.4859040850719427,-0.43606615488882905
0.4921568286022709,0.5970217574960317,-0.3893135279424884,0.4997816064017139
0.4554847827642515,0.5100451887461808,-0.48906837776233697,0.5414791223860728
-0.4778949206339909,-0.45524515879478716,0.5382181224235967,-0.5241083312836754
-0.45726642288169933,-0.41862768888806423,0.5651345602009492,-0.5443171919641093
-0.4512246505381337,-0.37646288607124495,0.5917074058998362,-0.5518644362168433
-0.4239783160036046,-0.39458546443197584,0.5784814010810635,-0.5743726729406959
-0.3844267899643751,-0.35242084068053997,0.6002557935046995,-0.6063897893069696
0.5596946466638176,0.6621161761715127,-0.2900996472995189,0.4051990453895141
0.565288487110269,0.6547123978742279,-0.30301451225309384,0.39997850914065564
0.5740255546337547,0.6458772723397279,-0.3169609608700311,0.3909897197967614
0.5650899580839736,0.6424178986477183,-0.3254172816024148,0.40258685473348177
0.5624266910016815,0.6350522561180584,-0.33661408396642295,0.4087490767252071
0.5684030271403843,0.6442768095004623,-0.32278441205858205,0.3970335184962953
0.569755515560717,0.6517760824910773,-0.3077813882233097,0.39476221683952756
0.5702191615335256,0.6496191448777829,-0.3125195096937542,0.39392465077605454
0.5680775199720123,0.6553210027209759,-0.30108499496760854,0.3964721181881238
0.5680807560914747,0.6407098905568356,-0.32997971853835556,0.3973518290564849
0.5613261401220309,0.6627601588206307,-0.28780383899642353,0.40352309296330924
0.5625478836940322,0.6600480725459076,-0.30093390914655865,0.39662980574531775
-0.328249234828076,-0.3206336410577558,0.6136830498766987,-0.6425259701761962
-0.3301611926777001,-0.31677610617295937,0.6167609012742663,-0.6405095440872767
0.591535151140465,0.6512756215047504,-0.30052482092099264,0.3682540723593339
0.5734101708936807,0.6643291217311332,-0.28581881899994616,0.3849353148791327
0.5614836383077779,0.6710708349957752,-0.27813951267801085,0.396280796680803
0.5703210187354242,0.6730044517353927,-0.2721792556510842,0.3843402090936534
0.5636390774310623,0.672651130649501,-0.27298107775597064,0.3941227956053765
0.574747816484703,0.6774108547207693,-0.2630477101644787,0.37627833252762133
-0.31506176135747094,-0.27072362655305954,0.636978333428612,-0.6493869472808916
0.594895295685479,0.6695561449189684,-0.2623725634270813,0.35910276235812805
0.6129323537154647,0.6584740586147867,-0.2812684346624235,0.3340866827078577
0.6206620441070403,0.6514368941106002,-0.2915380756339299,0.32467545403382453
0.6136395760465754,0.6430166277374599,-0.3063369345550383,0.34078405140197804
0.5968198544560658,0.6634426358248269,-0.27423262815030247,0.35839419073783074
0.5908403009225559,0.6634306175940325,-0.2795750809431574,0.3641501456270076
0.587474561439248,0.6851289506734125,-0.24305551334217518,0.35552212033132824
0.5996773854434874,0.6681620305922975,-0.27487251281351766,0.3440808567212416
0.6017460967639676,0.6753373503230935,-0.2561178935686431,0.3409174722449325
0.5809807477637895,0.6786086920601542,-0.25606054914329524,0.36930286887684605
0.5844823875765215,0.6770045508973253,-0.2588583277444465,0.36474311896800576
0.566005760625975,0.6238241405530607,-0.3481095575267901,0.4114616100682407
0.5574383568597878,0.5709942995638608,-0.4208982790671862,0.4313613645718829
-0.4795678655917194,-0.42795243821494333,0.5614136425646451,-0.5212351627240669
0.44554949421279194,0.5070429559073626,-0.49473997757470495,0.5473805291210405
0.35549632257122754,0.4729793938781552,-0.536163634936273,0.6020310740957725
0.3543136323213578,0.5029629863265802,-0.5073399402642078,0.6034039023319323
0.3161440940372733,0.48967372329683,-0.5282472775032151,0.6174361265170774
-0.7115319309070617,-0.48913855092638914,0.4669182441516569,-0.19092706087832184
-0.7245537398892046,-0.48869602839407145,0.4573887561317833,-0.16429727815349754
-0.7266157942577076,-0.5003107868782434,0.44033734382943507,-0.1667981645515068
-0.7312915988420757,-0.4923136620024291,0.44433592639703123,-0.15939084095910433
-0.7329728078455191,-0.5031806340519037,0.42844458434324145,-0.16123073720952558
-0.7331475366577488,-0.5054440193544709,0.42522033157625816,-0.161891020151363
-0.7331475366577488,-0.5054440193544709,0.42522033157625816,-0.161891020151363
-0.7462545445535802,-0.4941948247726717,0.42610416762986403,-0.13157077270236586
-0.740440433878991,-0.48929532688089034,0.4392261166304427,-0.13935015407008036
-0.740440433878991,-0.48929532688089034,0.4392261166304427,-0.13935015407008036
-0.7459098462489971,-0.5066506461198921,0.41211427185970423,-0.13071132691790507
-0.7459098462489971,-0.5066506461198921,0.41211427185970423,-0.13071132691790507
-0.7459098462489971,-0.5066506461198921,0.41211427185970423,-0.13071132691790507
-0.7459098462489971,-0.5066506461198921,0.41211427185970423,-0.13071132691790507
-0.7381374413596866,-0.49821692036249315,0.4314852132237617,-0.14406085067336322
-0.7346551475152068,-0.5142483753680192,0.4134533894583782,-0.15775524525714307
-0.7346551475152068,-0.5142483753680192,0.4134533894583782,-0.15775524525714307
-0.7327737860878691,-0.5177882957983961,0.412568775423818,-0.1572414217117536
-0.7327737860878691,-0.5177882957983961,0.412568775423818,-0.1572414217117536
-0.7411894827009938,-0.5013859049601809,0.42363815916007186,-0.1406450679695488
-0.7419548657285444,-0.48332895375355167,0.4452036370489463,-0.13300308734621463
-0.7485483798115705,-0.47438161426471503,0.4509800126549388,-0.1060869233922215
-0.7552649870523263,-0.40963472725570554,0.5081267447468208,-0.05984480622403501
-0.7543141429501298,-0.38317328165515663,0.5302292547491688,-0.05518466615981296
-0.7547690859670507,-0.36448407196784005,0.5435323600266334,-0.045249991757826985
-0.7547690859670507,-0.36448407196784005,0.5435323600266334,-0.045249991757826985
-0.7547690859670507,-0.36448407196784005,0.5435323600266334,-0.045249991757826985
-0.7547690859670507,-0.36448407196784005,0.5435323600266334,-0.045249991757826985
0.4019450811356365,0.5052197954905159,-0.4976343447584834,0.5792695131906933
0.4068042325914482,0.5456665418495084,-0.4495761651642202,0.5784804345592989
0.43910637368700184,0.5364154688051228,-0.4605762281963469,0.5543587064658209
0.44788270262109425,0.5374218949879732,-0.45948515595820305,0.5472222427263226
0.4392875314683366,0.5600733406194189,-0.43179278337166743,0.553984936665256
-0.5264795057974999,-0.38406364989941977,0.5923414209869226,-0.47375741026853563
0.47472342787032584,0.5493855044802068,-0.4450796615589153,0.5241348389152138
0.46546692994441086,0.5793148095752476,-0.4061068842608452,0.5318007964368501
0.4686281787150477,0.5498925240915609,-0.4444859662319539,0.5295640356796103
-0.47481999943847963,-0.39745931533595885,0.5821832156444398,-0.5269105846420368
-0.4993084315175854,-0.41721205323715793,0.5704903047281934,-0.5011646486537301
0.4666157435459584,0.5683735712071327,-0.4224337816218671,0.5298782233428275
0.49434380892123764,0.5384549595450379,-0.4589078400131497,0.5050683612116879
0.5125871782225474,0.5825191522934275,-0.40502820718587473,0.4836093188897307
0.4420315164894231,0.5387323231712606,-0.4579917047548956,0.5519232018825281
0.48687842582573326,0.5366321309158473,-0.4604690832689683,0.5127802432695793
0.5219550790378354,0.5500484035262326,-0.4442861825037912,0.4770947885704239
0.4739221157238926,0.5498568788249591,-0.444504623548842,0.5248531991713167
0.4547959506165136,0.5629335600947918,-0.4278367912049578,0.5414998894859263
-0.5275944468034693,-0.34506411288939803,0.6161869161834792,-0.4721107306790303
-0.5215225224170342,-0.3475155826167866,0.6130390553044585,-0.48107202695823686
0.45558133349176744,0.604522853721639,-0.3674221671221911,0.5403690581531675
0.4369004494743307,0.6119091981159691,-0.3529490331026945,0.5568771054210009
0.3807191635354969,0.6055673988968236,-0.3651443217084466,0.5958277169066954
0.3665551850185875,0.6321600185689016,-0.3180718003051112,0.6040209740643288
0.32357147707681777,0.653964901763447,-0.2716619907644102,0.6275596937804155
0.30856201981046216,0.6451571746435439,-0.28933947088463596,0.6362738172553124
0.3230751809830563,0.6396063007474817,-0.30101265077444317,0.6292198276839587
0.3226984149938582,0.6422554185923524,-0.29537237814055617,0.6293876933026304
0.341137379027795,0.6378226505893984,-0.3042903963142586,0.6198507156856983
-0.6377647657839614,-0.25417111699901596,0.6597433793679454,-0.3056007529247351
0.3992110203972399,0.6201916878846105,-0.3383863141252424,0.5843693471469606
0.3635351992526932,0.6049917431461173,-0.36607505056483647,0.6064785296968719
0.38955647075986577,0.6090058165140662,-0.35917228961766645,0.5902143152380808
0.41935978325144635,0.5695435861610073,-0.4190702851256396,0.569330810494983
0.44167770049405464,0.5819589612365447,-0.40232099074674177,0.5517086157813071
0.4554548135266857,0.49114036369718295,-0.5087103066527712,0.5408843498272199
0.49069743969453233,0.5515105953031907,-0.44315869800615393,0.5085886887525535
-0.49518153513020435,-0.4485178476837744,0.5463142898234294,-0.5051412518394539
-0.5035936919172218,-0.3841586063042065,0.5896974252798461,-0.5010713574750727
0.4330873795164349,0.5143553277409959,-0.484231247731849,0.5598160566186869
0.46840300516492217,0.528172053637411,-0.4701323773003158,0.5297248855046015
-0.4981950968896967,-0.4555545671631289,0.5405887496918155,-0.5020313590588936
-0.500398192754455,-0.499999675066124,0.5000000079831215,-0.49960180708112323
-0.500398192754455,-0.499999675066124,0.5000000079831215,-0.49960180708112323
0.49218001320916466,0.5540774464651012,-0.4395888553250179,0.5074629604120676
0.41198167505628175,0.47494453272346426,-0.523878800817071,0.5746736398238379
0.41547956008786024,0.47858352389313097,-0.5205096867254193,0.572192460481818
-0.502640814918019,-0.4097454178163129,0.5739692317087466,-0.5000202243997296
-0.4714502490240508,-0.42366088213465697,0.5639656841410441,-0.5293286566542273
0.5465689260766448,0.6529645970474652,-0.30784066931680065,0.42442168460700586
0.5546727163413121,0.6642110921671659,-0.2846778735598439,0.412456435389359
0.55000406000731,0.691550098697788,-0.2491024594565413,0.39648702331760777
0.5386270115707953,0.7127887725904755,-0.20436889887112147,0.40005807234635676
0.5540554908182568,0.7079958678297092,-0.222510674650402,0.3771649027903049
0.5480678022563291,0.7232512562482559,-0.1909018795804388,0.3742803452465716
0.5539899923831039,0.7342777357754618,-0.17127422891981425,0.35298220010611353
0.5331569805769103,0.7509561605096823,-0.13210150478549068,0.36654832080924526
0.5398360869616765,0.7514755111841868,-0.14149054098784927,0.3519118953876613
0.5355143997063867,0.7535105723173423,-0.14060812796660999,0.35450740396051683
0.5378632804373379,0.7517631961518878,-0.1395832974030824,0.355065756663138
0.5401403424701369,0.7493451775153296,-0.13999976355069468,0.35655333622967555
0.5380474883444009,0.7494262017697045,-0.13587639672576876,0.3611133799793874
0.5366448268671324,0.7477554264383394,-0.14214918549446331,0.3642358591517637
0.5545059611126905,0.7350384539124392,-0.17072273777390867,0.3508494793604282
0.5517035181780081,0.7266781960760643,-0.1851500075632895,0.3650773919006197
0.5555231894163505,0.7221956272020269,-0.2032427018145978,0.3584966753403147
0.5591374404748103,0.7212524069241132,-0.20381864563565527,0.3544266466516004
0.5512735526291292,0.7250075907898795,-0.18979731372068925,0.3666584830235399
0.5608736360774663,0.7177953808685826,-0.20554906280800248,0.3576872073973575
0.5565509223080025,0.7212791476428543,-0.20045976746436556,0.360310066029027
0.544703866507801,0.7290191033751535,-0.1764602890544,0.3750874712815352
0.5446751302018564,0.7282629198331381,-0.17283163597985962,0.3782741700674633
0.5516601726399498,0.7198270937364118,-0.1955450125240173,0.3732052479840463
0.5559271703215499,0.7178249858744876,-0.19854500805286762,0.3691234898104601
0.5555218684404104,0.7190819073638623,-0.1943540114272133,0.3695174994889631
0.5459393526432162,0.7226222836644397,-0.19154762931689207,0.3782548930155096
0.5580857012406186,0.7092070080592482,-0.2156393160440192,0.37291480952958167
0.5603336314856283,0.7152937949705853,-0.20329813066510416,0.36476139923349993
0.5491194999628057,0.7087210163696676,-0.21363822650199468,0.3879961390189679
0.563469325406533,0.7043857498183352,-0.2257368263000813,0.3679482572736759
0.5726078988443553,0.6950418660159379,-0.24554329748891024,0.35881121460234244
0.5586895594557455,0.7056673402386648,-0.2301561124540346,0.37003749131091995
0.5639386738868293,0.7020927233305368,-0.23655537767773624,0.3648020466401169
0.5643572253918234,0.7048740453438354,-0.22953499878491523,0.36327288184155476
0.5684765237099425,0.703286369346244,-0.23068842793428737,0.35917345934749234
0.560023233056727,0.7065731586964697,-0.2233368075288687,0.3704713487561449
0.5590023386026594,0.7060109589386189,-0.21934404434227003,0.3754372138013304
0.5601411756731541,0.696250575800902,-0.24070150034743487,0.37886644974568956
0.5532221293096748,0.6911029066153013,-0.24391719690234165,0.39601319317070244
0.5437280488356476,0.6879963956512906,-0.24616388719556215,0.4128245500463641
0.545535940902689,0.6889981016140817,-0.25000938152290336,0.406407999805792
0.5589985910401194,0.6809307891393583,-0.25621004528152735,0.3977565188831605
0.5518770772479005,0.6813045346546447,-0.26023232483165837,0.4043945595331903
0.5583111080921812,0.6694339863426088,-0.27906564673649037,0.40282652509717987
0.5384067527476212,0.663324414656832,-0.28656551687734827,0.43358862306655527
0.5561506190695321,0.6361348561129916,-0.330866927433589,0.420185685236106
0.5657086585081667,0.5966229182592395,-0.38375079089804187,0.42041662381719247
0.5099650032781948,0.5766021353299164,-0.41060763287563307,0.48874026311397856
0.4920202800311581,0.5268488662175369,-0.4716002595574164,0.5078774570590177
0.46184337797333613,0.5730279499538884,-0.4142170403281109,0.5355034138972804
0.4391849507441731,0.5592199703790602,-0.43274431330958163,0.5541858560693336
0.45183589745047054,0.5916369647257004,-0.3871093819136152,0.5440187038877866
0.38397931686511,0.49779973486230733,-0.5096757789376825,0.5873550106665358
0.34254195139717114,0.5154261049793509,-0.49120078030715475,0.6129622625125266
0.34254195139717114,0.5154261049793509,-0.49120078030715475,0.6129622625125266
0.34254195139717114,0.5154261049793509,-0.49120078030715475,0.6129622625125266
0.3617393123161354,0.4908015362696237,-0.5123998330229121,0.6047354239983949
0.3542069332505085,0.5077035378109414,-0.49317236599274117,0.6111919367536237
-0.5578694656464974,-0.48667450120735833,0.5104652909463084,-0.43744116851636317
-0.6195660526783431,-0.4372632782443839,0.5498179131432237,-0.3501985069276873
0.4367522029390512,0.4675386847382232,-0.541694096070227,0.5451812522306667
0.40843596972533425,0.4621197799982829,-0.5472741425927512,0.5657882823267318
0.40794084764323624,0.46964664954373275,-0.5401814020184765,0.5667630389411585
0.40817900314511596,0.47329771769940476,-0.5343306596192168,0.5690957019718975
0.39080962496788724,0.48026823444324795,-0.5293824516611256,0.5799693784075852
0.37722696756802143,0.46754941481619366,-0.5440708208191238,0.5857339853360692
0.38998998511417976,0.4666281303478158,-0.5440454378222802,0.5780835242968851
0.3718768785284564,0.45059864377063846,-0.5627662576225239,0.5847756738524031
0.3860592978395613,0.44913609454450504,-0.5608826890233128,0.5784856059427167
0.36885415505835456,0.45685160261977775,-0.5538952445901585,0.5902823760712631
0.3770928529197124,0.44901100753624634,-0.5604530975446776,0.584878124775353
0.3904588694811075,0.45308209427940216,-0.5556894999550362,0.5774665936023038
0.394270993263284,0.44658834937133224,-0.5603339819702743,0.5754433583996854
0.3989399138209865,0.44781436065404645,-0.5587356768909858,0.5728208157196132
0.39714626712924944,0.4526311013435048,-0.5546960977585735,0.5742056841701237
0.37725372077863134,0.44353920057592855,-0.5652832921534728,0.5843007849757488
0.38748723504443505,0.45584639521222636,-0.5528589278228042,0.5800040625515109
0.38611894983306,0.4707407408453631,-0.5375142534942083,0.5834327200104034
0.38460206977385447,0.45481342927868323,-0.5542705665103774,0.5813863875029208
0.39851996215413227,0.4736707463224537,-0.5350207086315295,0.5749527851731955
0.38825222387106106,0.47297068054178293,-0.5366943669599834,0.5809630818567052
0.382887223575241,0.46363435000368436,-0.5472136701175254,0.5822351438688776
0.4306566762173367,0.4222286077096363,-0.5787326112630682,0.548932049275362
0.38028378855018347,0.44964916606022765,-0.5614820597005398,0.5813241473237637
0.3765185120150162,0.44542766004055956,-0.5648734557832975,0.5837345190514478
0.38068147160412624,0.4548144565455174,-0.5555337584329608,0.582758672638916
0.3679733235645012,0.4580733584371909,-0.5523626247587644,0.5913205240853525
0.3821980957645716,0.4515564652446261,-0.5577123364294733,0.5822184504840877
0.36900501818120335,0.4455572944782076,-0.5657150955521599,0.5876056709722604
0.36421491096865355,0.44750708490660573,-0.5651751056390628,0.5896287031279617
0.37052534608757287,0.4485627451104532,-0.5618751674747641,0.588046535387179
0.37802751468210943,0.4634166553761414,-0.5473381736872637,0.5854580474192399
0.3799041007040791,0.45739682749134364,-0.5518047823736142,0.5847841470309255
0.39505300193035625,0.46215190172190707,-0.545875909237863,0.5765138655005403
0.36803955135281524,0.4673775992190872,-0.5424839497500559,0.5931409888481822
0.3948358431868936,0.4685879258872149,-0.54024477523257,0.5767717013529033
0.3998167982845647,0.4644955838366881,-0.5436382394729696,0.5734525655958164
0.38850971467444545,0.45335969606696824,-0.5551758751991022,0.5790552090971626
0.3778603261248731,0.45649409699541466,-0.5532090748468126,0.5854864924627033
0.36424445161549557,0.4500499969312155,-0.5630552396353595,0.5897031260292822
0.34483194445647203,0.44052056579879717,-0.5741234289178653,0.5978418265379808
0.3283084089514708,0.43801158687298514,-0.5782006808065829,0.6050152155868208
0.34086554327188634,0.42427745877876866,-0.5909449074179051,0.5954690888526756
0.3361962808460955,0.4200487365117949,-0.5902317548741389,0.6017953100833309
0.3348057491855584,0.40067802041138734,-0.6145550802603775,0.5913410924311534
0.31474933738093214,0.4171012525343968,-0.6005409058126395,0.6052355080447906
-0.6032493736037018,-0.4732835908711325,0.5131972443434455,-0.385644167928366
0.296185106586418,0.3779053363995638,-0.6461273813120325,0.593280158505221
0.29984473608639206,0.38573669661440235,-0.6324917918915216,0.6010444811460649
0.2951769588999946,0.38553400677760163,-0.633165256738775,0.6027734650857484
0.29881274906306454,0.38009124648644244,-0.6352929739033989,0.6021996534794186
0.3093204257453638,0.3720849185867808,-0.6390179773131024,0.5979378832685273
0.2980598837745623,0.38113175893684936,-0.636040826596918,0.6011247415602746
0.28147171320155256,0.38108975573852377,-0.6381998591820168,0.6068321122671321
0.30079359590979177,0.35234778406639544,-0.6557258782171256,0.5961525176995708
0.28671933604841815,0.3621937221064068,-0.6498006917252637,0.6036280237331844
0.27862207272116996,0.3737577136869308,-0.6451173933914501,0.6053911634603683
0.2721854776682913,0.37228707329713717,-0.6481413221966388,0.6059952369973949
0.2957884515320894,0.35080887942459366,-0.6581452754917718,0.5968979128837439
0.3051899634052522,0.35063335371289706,-0.6554863221404893,0.5951915817511886
0.2945522710184801,0.35240295859537657,-0.6581323791000068,0.5965843494353888
0.2870897083211005,0.3630349622177033,-0.6520414260181757,0.6005223512408844
0.29806075864128107,0.35358286761874963,-0.6571694802314654,0.59520350648916
0.2978826365153321,0.35339941069356445,-0.6577794705701071,0.5947276347040092
0.30302934981778007,0.3580747920641972,-0.653609312573772,0.5939280452664585
0.3088369668186602,0.3989455723021528,-0.6196642900438444,0.6012306761229137
0.3663786344862087,0.39569389248377435,-0.6121549927062996,0.5783245667856506
-0.5597091210891216,-0.4235982730008645,0.566875760840591,-0.4312100122350234
-0.4763023837950132,-0.36142133078448857,0.6187223532359278,-0.5096011287775499
0.4124595526996806,0.5370791920723119,-0.46113644905941137,0.5733901238935047
0.4097279458428368,0.5511349027247048,-0.4445042863268405,0.575142824723656
-0.47927438907595704,-0.4719127338639757,0.5265785579383714,-0.51991292916453
0.41759485833605847,0.5523598855582342,-0.4409406768035388,0.5710380115696491
0.39808079004615027,0.568213826529379,-0.4203662360469701,0.5847708607042391
0.4821361124682437,0.5840285621739186,-0.4008488771513504,0.5155342717080753
0.4300270299219768,0.6149788933112027,-0.3529146824910323,0.5588639737901036
-0.44518971803101076,-0.34111832831254324,0.6058081822324755,-0.5643056329586909
0.5131672789400354,0.6663977793032624,-0.2844217158981597,0.4600843738821248
0.5162012342213069,0.6498831133965396,-0.3126123949319479,0.46201917194563663
0.4948920876791975,0.6016776387135613,-0.38079995428031943,0.49805344637368526
0.4524981629953325,0.5771835373863923,-0.4100060918931998,0.5422172823384049
-0.4109111682755647,-0.372061208606739,0.6030595932510037,-0.5736214743403851
0.48847362880074213,0.5615588783300841,-0.42997220573904255,0.5110470060833888
0.3916853931158243,0.598893899551284,-0.3767948323543407,0.5881618010471464
-0.40834660256914546,-0.33760387966894384,0.6194466080493993,-0.5792776297931828
-0.38818107854390954,-0.32531163078910147,0.6184936025210945,-0.6007940219195766
-0.4187720648565704,-0.32124625347187996,0.6176760333600353,-0.5830155402205481
0.427212648439931,0.6138010022306276,-0.35994750963052,0.5578310434032903
0.4504505159920866,0.5981435899925704,-0.3839953766117946,0.5402463596675396
0.4838147735924211,0.5553005675898052,-0.4389937469948685,0.5146348555894362
0.46441451929732414,0.6192508968281666,-0.353128738827807,0.5254974546629405
0.4826589142968657,0.5571791073457509,-0.4368689031423714,0.5154972126542918
-0.42110543931273287,-0.31915582112921836,0.6202404971321716,-0.5797512367712564
0.4820544590554785,0.544620674678643,-0.45181889800168884,0.516596072987251
0.47775898668845274,0.497083563149663,-0.5029224202370194,0.5212708711483853
0.42987750204655584,0.5811699931600428,-0.4047557942855436,0.5600174276545755
-0.3943902909193987,-0.28049224304112336,0.6418812736763698,-0.5947846925786444
0.418059085112941,0.5327266549755328,-0.4633599555619092,0.5715999160381112
0.38337906884496453,0.5723764968655642,-0.4138505745960582,0.595091032795811
0.4099306448867682,0.5908640328323536,-0.3900175934654416,0.5750850701202661
0.38977102300511196,0.5156138991023899,-0.48353304419691534,0.5902682880247279
-0.41548099092200225,-0.29419082076664177,0.6474988520781781,-0.5670736669221753
0.40572225316835986,0.5400492767008288,-0.4566823545809025,0.5789451260986173
0.39704933671037645,0.6118157807774166,-0.35753566886361227,0.5832679659468876
0.40397975810223585,0.5980789247137508,-0.379114735544215,0.5791148177608155
0.42257806226808037,0.5670499634578768,-0.422438591957818,0.56694599059952
0.42208460955540633,0.5410810331148955,-0.4551310387833736,0.5673901968801938
0.3660218656506286,0.5456105295885644,-0.4500434098007525,0.6048124280821545
-0.3745368617992403,-0.29195124526717847,0.6451767666334001,-0.59852614758003
-0.43021765908805093,-0.28299320247815446,0.652492195674498,-0.5559510299872001
-0.3689727655962005,-0.29886391101729143,0.6517774942501771,-0.5913759877850133
-0.38167951386872007,-0.2132417762825763,0.6721286785297759,-0.5975715296419387
-0.36697111582869435,-0.24291515766345706,0.6575704484750462,-0.6114945066123711
-0.3911207392895353,-0.2122795116872301,0.6657108193071356,-0.5989917205378226
-0.3858141595810932,-0.2632461318215885,0.6608485364193345,-0.5874760593080613
-0.38370856450205304,-0.25853768448143627,0.6692457331445616,-0.5814087648965651
0.3799974775226481,0.4919579718427466,-0.5098462438761017,0.5946730855034776
-0.43283821209168005,-0.3159137995541018,0.6417415282883562,-0.54865049373412
-0.42112054062917614,-0.29546260820008585,0.6500333279171951,-0.5592995709033659
0.29632780296832667,0.44874286306336736,-0.5613744369173421,0.6290297430276197
0.3068914240991587,0.47120902435452905,-0.5365483174367722,0.6292023619130905
-0.48901243409618955,-0.31422048128824576,0.6399355986830925,-0.5026079565391052
0.3570352906649097,0.48489480067894203,-0.5205388648537873,0.6053446321485666
0.2825013065548427,0.44433891359561317,-0.5770869587596409,0.6242808532135399
0.32996722877620893,0.4253879387535868,-0.5865216636833124,0.6051107894649401
-0.527248876367939,-0.44138588927913835,0.5552496476331727,-0.46785141649592943
0.36134457416775145,0.35675026230516016,-0.6328918667964113,0.5844717563815034
-0.5069797683158458,-0.4499772046598436,0.5495037553142395,-0.4884031661450131
0.3314173882245506,0.37419494391973035,-0.6278619259306291,0.5965987434566123
0.3079483658051431,0.39180973979502587,-0.6189146768896876,0.6071223554854732
0.33346991515605306,0.3759501935928906,-0.6271976752613826,0.595048186090841
-0.5325611694150111,-0.42813625465594846,0.5661162571240489,-0.46107519093999233
0.31252583496585845,0.40492795711788565,-0.6074315833626935,0.6077728387783711
0.3234816277942006,0.407784264546452,-0.603033543497795,0.6045015926235567
0.33828284092997085,0.40679579682559974,-0.6004548023682893,0.5996131498976921
0.3309295054429419,0.3994872424574267,-0.6076342842698695,0.6013951962901722
0.35854931144827523,0.37873079659519177,-0.6166133381712084,0.589740083561986
0.329485137100638,0.38144661965632226,-0.6188637985446143,0.6024496822419859
-0.5319674169263435,-0.3668560070502923,0.6119546740322581,-0.4560030858995393
-0.4534246718622592,-0.40242827788276,0.5931255290830688,-0.5297732107768836
-0.5328017858625569,-0.38963835439666367,0.5974079418054089,-0.45542064164084056
0.3043998423940632,0.41674234110164654,-0.6053170684945614,0.6060179895619757
0.3024464967406023,0.41596270160403725,-0.6061130364234928,0.606735638116883
0.3103497513130026,0.4268674816513874,-0.5956548280730356,0.6055266391843074
0.3327751166856868,0.4247436875192348,-0.5943845479350878,0.5962889658574871
0.3255523564216494,0.41149869827297,-0.6060440300150193,0.5978253241801629
0.32502663213651806,0.43466950618823774,-0.5884579628598001,0.5992806810993996
0.2970953691598188,0.423655159688828,-0.6013514070066234,0.6087915345863303
0.3088302592293576,0.42522151385445717,-0.5973752454681972,0.6057667465629512
0.28480946310823574,0.4358916314259271,-0.5897152745401798,0.6173475118204029
0.28742526236235416,0.4364419306599549,-0.5877444667868352,0.6176257778616445
0.28413622669545013,0.43717841304227184,-0.5875859942838315,0.6187764856316
0.2778664403399762,0.44243373154929416,-0.5841507160698615,0.6211365191608248
0.3251561390290947,0.45495220441482687,-0.5662178723287128,0.6055487577440213
0.29974197752342707,0.45266062686847175,-0.5700785771898101,0.6166551058919637
0.32379347062127817,0.4518086565425151,-0.5672491428698353,0.6076636702730485
0.3268302370521165,0.453274689739818,-0.567236484269726,0.6049519176786284
0.2928989746165688,0.4382927770806522,-0.584782270638259,0.6165544000124031
0.3225522209784074,0.448826203055014,-0.5726445881736653,0.6054694705999051
0.3170991333258734,0.45116500893553896,-0.5716179757023396,0.6075781136694561
0.3069408821829249,0.444786431194978,-0.5773215287618585,0.6120883742546278
0.30337318906477556,0.4479362724141968,-0.5747827658744524,0.6139564936264268
0.3104204046896925,0.439961034169439,-0.5819159920269299,0.6094647151297271
0.29296412103410496,0.4415659883718473,-0.5829922678936534,0.6158827138961789
0.4004111607442825,0.4198263192718896,-0.5859919146723904,0.5657121528981144
-0.52398120588401,-0.3521577131694037,0.6240858135664686,-0.46037543183874796
-0.5269001370910938,-0.35298922191753757,0.6235150978274633,-0.45716930947368595
-0.5204680189195391,-0.34897067828823713,0.6261265396521083,-0.4640022234001633
0.3391287654097542,0.4312206503493501,-0.584715414296502,0.5976188714122147
0.31157638980560537,0.4277807584615253,-0.591999387498597,0.607832625981095
0.31009438677519346,0.4259708587533719,-0.5925894370362423,0.6092848741734043
0.31372876300150115,0.4308543838855227,-0.588508435453814,0.6079445571364863
0.3083431854154849,0.43288454018496636,-0.5895846021907135,0.6082149716476076
0.31776078730231416,0.42606426546752973,-0.5938624140500807,0.6040072490651404
0.3066463423828055,0.43313580699923354,-0.5901160032032791,0.6083785796375127
0.3038947799972683,0.4283358681794797,-0.5927242699514519,0.6106179546425584
0.28577278829117087,0.4352566666869346,-0.5907079117636747,0.616400608822434
0.30146563856044883,0.4385168559431847,-0.5848048222496482,0.6122293325989882
0.29451999445504806,0.4354636920316718,-0.5877193758941184,0.6149920983126302
0.29056750937219566,0.43742655192838037,-0.5873982101585573,0.6157855770215882
0.2944063245184828,0.4351375389551847,-0.5888265241246213,0.6142178463402538
0.2902911753221933,0.4359902144541813,-0.5896608046489608,0.6147712598121327
0.3139800704774172,0.4363470935213312,-0.5841571060905776,0.6080939111044975
0.3293936426542037,0.43882441863244004,-0.5815490111740261,0.6006111099483662
0.30640329946217515,0.4341732838277115,-0.5881794775682319,0.6096355303429386
0.3114325779872885,0.42920518697406373,-0.592928288522702,0.6059939781155339
0.3064135106039178,0.43696670313833036,-0.5862290881678063,0.6095131803773758
0.30447850908737,0.4445223717514261,-0.5804078139761257,0.6105894430727361
0.3157493233941835,0.4448313535785234,-0.5783748545633519,0.6065558171004837
0.32385823521166046,0.4520960566608675,-0.5696631326498636,0.6051519762314476
0.32113586180571685,0.43681865685496474,-0.5851640033463523,0.6030292766304091
0.326432707801494,0.462160452395579,-0.5543720598471807,0.6103450030758767
0.33990047774328214,0.45262409698209644,-0.5622882887048027,0.6028523637230386
0.33253638510972594,0.4576366495564896,-0.5593018341235321,0.6059453010849409
0.3327452697549256,0.46288454892651826,-0.5542393961910634,0.6064958132836376
0.3353032553765123,0.46231602725764054,-0.5549944177421786,0.6048279211061987
0.33145220813416304,0.46753595422840005,-0.5496541896261855,0.6078074012819425
0.3475000174288609,0.47117983716383827,-0.5434552230966762,0.601572705020883
0.32890195023733854,0.4646952611940348,-0.551114600924713,0.610044685249759
0.3165582949679457,0.47041364329229746,-0.5469003084434211,0.615956088301711
0.32448291539277685,0.4664865690015419,-0.549345672434179,0.6126340267543207
0.3150107394161332,0.46250503672064075,-0.5554565320373318,0.6150815930245356
0.3125481928768185,0.4644170903367828,-0.554685534500451,0.6155926828256656
0.3361547364471579,0.45978920138191126,-0.5573453033665655,0.6041192732167688
0.33276398180287814,0.4598548233737271,-0.5581382728708106,0.605213468283217
0.33668174716976185,0.4671120997533589,-0.5493273962975771,0.6055502448712653
0.31658280650495507,0.4581576728075149,-0.5606271724143189,0.6128328051139021
0.3246490597341252,0.46888579053273494,-0.5487004517053765,0.6112911889996094
0.34094979264460673,0.46292618846137595,-0.5522821071258204,0.603686224027753
0.3252506686213378,0.4552997027137328,-0.5638697777861964,0.6074249393707051
0.32450519668748284,0.453736675081965,-0.5661194680412676,0.6069004489313331
0.2876505647884616,0.4340731294102802,-0.5947838758888397,0.612429434207317
0.32830336978050684,0.42713417197980363,-0.5948706890979869,0.5965753596738447
0.27936461412902586,0.4279487463833286,-0.6004143174438171,0.6150755484084482
0.23527652783829556,0.41288153806225913,-0.6221665815379711,0.6221595742195517
0.22976545289165784,0.3992751620462477,-0.636037071625704,0.6190670602997975
0.2379342944992082,0.40233855539003327,-0.6319231743755281,0.6182103687540199
-0.5622726781725533,-0.4036372911048835,0.5830672332383712,-0.42539272929133
0.26843043996755755,0.41042688219147283,-0.6196291190371559,0.6128251203358496
0.264698634884867,0.41916428379027765,-0.6131266953634813,0.6150703954161089
0.2648947669953748,0.39817068000817885,-0.6328433279863054,0.6089336533839365
0.26697576661499756,0.39998654787075816,-0.63178064168008,0.6079374329329247
0.2761732894527982,0.4006936597731731,-0.6256306232961429,0.6097206150397748
0.23859877756259035,0.4149507297181586,-0.6239750973207498,0.6176905318811081
0.2593762795197253,0.40938163101362723,-0.6194111351591521,0.6176248630455045
0.2813909338254781,0.40520854899108805,-0.6235692278388496,0.6064541139095547
-0.5719655840268931,-0.4038716673984725,0.5819466401145806,-0.41361957765669577
-0.5731219025682129,-0.3959799316516246,0.5880496262590942,-0.41100950789769586
-0.4666148620479517,-0.3771874206827411,0.6122183186931452,-0.5149649992486968
-0.5601039119932646,-0.38117349917131566,0.6010989290343772,-0.42387551098531423
-0.5748766446780437,-0.3835355577854682,0.5970199710283289,-0.40741192116976305
-0.5359924809803002,-0.3813541047527867,0.604339969959433,-0.4495045136928156
0.221975166452333,0.4076961269958026,-0.6331355018732652,0.6193951321884683
0.25079382343889234,0.42064790648737893,-0.6187455516593866,0.6142570627957064
0.26125439146192475,0.42233726636505287,-0.610569131253946,0.6169138613623101
0.24121187263123292,0.4319043295226269,-0.6070285031686371,0.6219259433262033
0.24159866517328168,0.4205273771495349,-0.614035104564395,0.6226939058773692
0.24544524774004806,0.4220950701481795,-0.6124555987689665,0.6216836186155918
0.2466834209986774,0.4211795273965437,-0.6162484329312635,0.6180557939346378
0.2560359991520965,0.42131995968885216,-0.6127793129515586,0.6176055151345294
0.24985062496032245,0.42465605406373097,-0.6112863927608583,0.6193309672375308
0.24842589466938456,0.4210164128681853,-0.6149285210973817,0.6187832163967512
-0.554130696558095,-0.3621125181721338,0.6157535123371507,-0.427388941550362
-0.5572884855745284,-0.3544410491473742,0.6206732512105801,-0.42257046957524813
-0.5513517259868654,-0.35990433338585537,0.617602639644335,-0.43017104105894577
0.2709910734635696,0.41836543522388137,-0.6111892038831415,0.6148023729375858
-0.5351979074982938,-0.3598271751332916,0.6192974121880093,-0.44783738019763153
0.2576814610075505,0.4197093485885496,-0.6162882146961588,0.6145186439702306
0.26733380516003874,0.4161712722063645,-0.6171226436853875,0.61195894589388
0.24443954278955704,0.42189426303576105,-0.6186850903299576,0.6160221584827583
0.25594039703863536,0.4166060746403837,-0.619515496239291,0.6141127271566855
0.26295656842272663,0.4186575424321911,-0.6171999048554211,0.6120816797899127
0.24617034964995937,0.42612300865935876,-0.6127018864076167,0.6183977189777311
0.24532129779338663,0.42739411359897617,-0.6100263799700617,0.6204994345287802
0.2561783153065358,0.4213800390854281,-0.6142000188748413,0.6160924202108098
0.2713230565959295,0.42770271541307725,-0.6075200417863822,0.6118607562310193
0.26462672605258375,0.43796920252269855,-0.6022824458414247,0.6127083555261782
0.30665980083883304,0.4498547308036371,-0.5839118846257033,0.6021938215524416
0.35511530250432843,0.46545261030265866,-0.5615567862398838,0.5847229816910178
0.3631624501078278,0.5004507597470174,-0.5182760135005526,0.590806267511007
0.3814001352255051,0.5023992814207409,-0.512268800925931,0.5828460984477791
0.3615284069619342,0.5044032238950564,-0.5096013695458954,0.5959706728026031
0.3795633116602044,0.5068396389013575,-0.5018578775248573,0.5892231696446817
0.3795633116602044,0.5068396389013575,-0.5018578775248573,0.5892231696446817
0.438314584721903,0.5231487973966167,-0.4791901277398424,0.5518808585910668
0.42961299636103645,0.5675617035621247,-0.42160260383827525,0.5617451650385051
0.4720937839349171,0.5524283439535225,-0.4408490603069929,0.5268799578587348
0.5072542525483776,0.5627683801665644,-0.4289547536815287,0.49191736384306145
-0.4833755540009229,-0.31949543700370947,0.6199905869616121,-0.5290391399576264
-0.45751885258215813,-0.3302455445298753,0.6107959963360191,-0.5554661382208295
-0.41049009899728445,-0.3154666750627047,0.6168968486907668,-0.5928042962272482
0.5108459999442837,0.6643128012577024,-0.28451396943698865,0.4655928131117119
0.49866751378990953,0.6605768044096207,-0.28722382175105426,0.4821529553837483
0.5061659285626249,0.6580617651870225,-0.2965216566792044,0.4720441431492352
0.5089850899755299,0.6570384497662298,-0.2933036832611015,0.47244851899107754
0.5276793338087185,0.6622068729109969,-0.2889043753011887,0.44673352244090203
0.5442912813698062,0.6564243315275746,-0.29930635868045286,0.42810022384581814
0.5172741410002991,0.6453842061898685,-0.3150538039888478,0.46545439093989915
0.5218149962196974,0.6461022941004491,-0.3138923055291475,0.4601440598421003
0.5341726717988646,0.6319557624040334,-0.33749992898677283,0.44875970073249966
0.5220513219150489,0.629655173704658,-0.33862708987404766,0.46511124853860575
0.5065947093148049,0.6265450739166031,-0.34471378944916753,0.48163832302743687
0.4947634919223721,0.6433462107588975,-0.31541697252709905,0.49175895884547777
0.5108309780788587,0.6507695745413704,-0.3060326657907722,0.47105698185594674
0.5243416976204388,0.6538638351687931,-0.30154251725281606,0.45453270452598765
0.5265662322354236,0.6351098588595743,-0.33349183003969385,0.4562309388298182
0.5301432831282867,0.6694384438351054,-0.2806072881650645,0.4382462995830564
0.561169786029044,0.6889558782574501,-0.2514630313056589,0.3836595013148922
0.553049631021846,0.723758851379514,-0.1821189545371555,0.37032677066976916
0.5627528264820832,0.7209865321036619,-0.19831357103394978,0.35236260351422677
0.5658075437705494,0.7184684013858742,-0.20263687801040134,0.350147505049746
0.5418951785080734,0.7318927124809471,-0.16517642090310364,0.3786811625954287
0.5454784852649667,0.7269121769920905,-0.18526480829451486,0.37380323682554406
0.5495715107068724,0.7131809701946654,-0.2049760405950598,0.3838344449805592
0.558733580491303,0.6929855753599636,-0.25189837450172214,0.37965113893913055
0.5466613221620423,0.7012084008722308,-0.23909483021473346,0.3902586828795028
0.554568848002825,0.69165924228119,-0.2554352338324015,0.38576382244686436
0.556981100245329,0.6903614234078136,-0.25772633687185775,0.3830800103404692
0.5528487577968735,0.6941529431568741,-0.25126084488500655,0.3864944117794927
0.5548150351748387,0.690299432856348,-0.25511503396894314,0.3880506270902959
0.5367157960632434,0.7013801057595217,-0.23175416503342294,0.40778929423247734
0.5272326748093555,0.7046547988626611,-0.2276892417636595,0.4167072476430962
0.5342185381557031,0.7003034298834608,-0.23682964950623808,0.40999680083995405
0.5289449110256148,0.7062839075823314,-0.2217973998525956,0.4149532942500455
0.5276315411917715,0.7023859803793233,-0.23006762454045915,0.41872160135880665
0.5257881480456195,0.6993236055655941,-0.2399267113073278,0.4206286857487791
0.542496055030806,0.6873689249048651,-0.26563124044570174,0.4033138175793389
0.5387871574757901,0.6937194134904006,-0.24707219384099793,0.40916635408631674
0.5291874780522742,0.6974862120375771,-0.23958681749124547,0.4196090489664903
0.5279745057646443,0.6946174490015312,-0.24754494827099094,0.4212730935992677
0.526931683789074,0.6952968901415817,-0.24374158999423137,0.4236688240663225
0.5277858409294712,0.6919284500775356,-0.25180288060453626,0.42340575740880965
0.5201692206392818,0.6938972522388549,-0.24736613281586,0.43213491130735454
0.5357838798879798,0.6796309082604969,-0.2740320154922426,0.41945669272817
0.5371614760680629,0.6788571582906969,-0.27620606575285833,0.41751732479884884
0.5280831063134157,0.6847191687191156,-0.26467140423503066,0.4268921884917012
0.5243908690204842,0.6860283452827199,-0.2583563768033451,0.4331642973764606
0.5290221205387141,0.6789955463643116,-0.2781567358362717,0.42629740124361837
0.5253660944523852,0.6790897604437436,-0.27827107402828666,0.4305726110883627
0.5232504456064044,0.6827177620932146,-0.26821169521185834,0.43378325814479446
0.5143503156654832,0.6915383371928061,-0.24524180360152337,0.4439312319872284
0.5219889694093446,0.6724290170034671,-0.28318512075733676,0.4417837936008674
0.5261898823980602,0.6687661190311368,-0.29155348034733186,0.4368897501605008
0.5105808215717356,0.691117101156219,-0.24531865598955918,0.44886872708625225
0.5110033489924598,0.6895765255190813,-0.24851417265263281,0.4489994418284943
0.5115435488540646,0.6893008336334555,-0.2493176223240601,0.4483617753295767
0.5150514323622832,0.6804628757326014,-0.2694759911567827,0.44617820090334764
0.5229188410242116,0.6728080726712912,-0.2831662081209855,0.44011598656333845
0.530432474118951,0.6664911586348269,-0.29652651950472564,0.43185987205581877
0.5247514561246704,0.672343863587594,-0.2844928997692511,0.43778239842646466
0.523156874732919,0.6719183311949021,-0.28534504852943204,0.4397849973608455
0.5246831577363078,0.6691509356327957,-0.29103364354936895,0.4384564147688911
0.5257955703776858,0.6678692646841218,-0.29241858524369113,0.4381564041133859
0.5251658407218858,0.6747492681660736,-0.2787802201463607,0.437259480975964
0.5244474383651533,0.6699928465198323,-0.2883821134376278,0.4392040831478329
0.5132262699072478,0.6749958018800979,-0.27987606640982277,0.4501653593650904
0.5152851484453104,0.6723444989372425,-0.285207301143615,0.44843158443055503
0.507931944321584,0.6782600883834081,-0.2710976001713649,0.4565900608041678
0.5022612344514911,0.6806944006327277,-0.26497764724901707,0.4627911319082199
0.5153112414814649,0.6688025560109716,-0.28628303320111526,0.45298950360597945
0.5167023160005604,0.6596401709762066,-0.3052124748889725,0.4524808356674198
0.5317697603833778,0.6495663778887129,-0.3237329287187997,0.4364417870936414
0.5168442105957041,0.666923381602425,-0.29314824868129186,0.44961024158795737
0.5087606947007958,0.6780196569454626,-0.2705121477433863,0.45637164487551296
0.5208031558241906,0.6726010130240364,-0.2803461057964988,0.4447223978251402
0.5496298550607619,0.6710493062872631,-0.2853410431027098,0.40765222933074474
0.5400175589725714,0.6684409823523928,-0.2784286821830347,0.4290048461857887
0.5556830400442242,0.6740996801980073,-0.26789997259700504,0.40624571978874724
0.5467320507777661,0.6792537344761699,-0.2600335001144338,0.41482647898941016
0.5587790675562543,0.6750671450603842,-0.2712952823958149,0.39805674604352614
0.566082943106512,0.6859336553730971,-0.258589449443895,0.37706314933532564
0.5526004147600494,0.6910771570444829,-0.24503895935825148,0.3962335839059602
0.5585995518345479,0.6955170477062891,-0.24372829660957934,0.3805510405608726
0.5509475722159207,0.692286879335123,-0.2430527521217949,0.39764432481281686
0.5422249422260186,0.6966119225422546,-0.23504421422269944,0.40679006718503885
0.5388128429615894,0.6982598359059395,-0.2326305230639088,0.4098743241034649
0.5449114083735538,0.6972023139597004,-0.2371284041928698,0.4009371651001342
0.5489408101031908,0.691907605252851,-0.2442463030658928,0.40033935134478305
0.5600379747393743,0.7049538666266278,-0.22031133797908575,0.37531377157766455
0.583790853312594,0.7118037885734462,-0.20060742642115445,0.3350824773480753
0.5808800782843475,0.724230824235004,-0.171990094639825,0.3293743390521504
0.5735261774306184,0.7259918366564376,-0.17629648065777515,0.33604036635160056
0.5812885055887784,0.716188549899693,-0.19932964579163173,0.33082522057957187
0.5600836458903067,0.7233740534585696,-0.1829375138715636,0.3599585454015943
0.5682200042923768,0.7163504821601538,-0.19417540206111783,0.35533635708338374
0.57397365372715,0.7046876954263173,-0.22295275527732414,0.3525075398570946
0.5599417761233126,0.7103407886799967,-0.2172342944573653,0.3670019517672365
0.5613089328398403,0.7092906363187516,-0.21751931472477654,0.36677571193633296
0.5691771910234478,0.701879306280776,-0.22959893334404272,0.3615067004092066
0.5601203575524076,0.7071074743405453,-0.23177319371827237,0.364067839091467
0.5661683511504896,0.7007125035981935,-0.241881465950896,0.3604840383236589
0.5581026962501895,0.7009927133098796,-0.2325676116242069,0.3782101298856679
0.551275256031094,0.6810337797653143,-0.2790748501015789,0.392945048253827
0.5379393749411668,0.6715493538888496,-0.2958085394970889,0.4148975803014215
0.5379393749411668,0.6715493538888496,-0.2958085394970889,0.4148975803014215
0.5379393749411668,0.6715493538888496,-0.2958085394970889,0.4148975803014215
0.5379393749411668,0.6715493538888496,-0.2958085394970889,0.4148975803014215
0.5379393749411668,0.6715493538888496,-0.2958085394970889,0.4148975803014215
0.5379393749411668,0.6715493538888496,-0.2958085394970889,0.4148975803014215
0.5379393749411668,0.6715493538888496,-0.2958085394970889,0.4148975803014215
0.5379393749411668,0.6715493538888496,-0.2958085394970889,0.4148975803014215
0.5379393749411668,0.6715493538888496,-0.2958085394970889,0.4148975803014215
0.5379393749411668,0.6715493538888496,-0.2958085394970889,0.4148975803014215
0.5379393749411668,0.6715493538888496,-0.2958085394970889,0.4148975803014215
0.5379393749411668,0.6715493538888496,-0.2958085394970889,0.4148975803014215
0.5379393749411668,0.6715493538888496,-0.2958085394970889,0.4148975803014215
0.5379393749411668,0.6715493538888496,-0.2958085394970889,0.4148975803014215
0.5379393749411668,0.6715493538888496,-0.2958085394970889,0.4148975803014215
0.5379393749411668,0.6715493538888496,-0.2958085394970889,0.4148975803014215
0.5379393749411668,0.6715493538888496,-0.2958085394970889,0.4148975803014215
0.5379393749411668,0.6715493538888496,-0.2958085394970889,0.4148975803014215
-0.5543884951950235,-0.4297163936080945,0.5614653445017258,-0.4390374521420796
-0.5064279805689832,-0.40585602156464967,0.5751030643452678,-0.49806430873655166
0.40331834031986447,0.46345520839399795,-0.5251838760349422,0.5888340025227997
0.4123068490019539,0.4692956819423196,-0.5185024401584954,0.5838834170671909
0.39728262537939907,0.4835932825644128,-0.5022179094977832,0.5967254176000085
0.3868666807964367,0.47756274508377355,-0.5066961586107995,0.6045882885457327
0.388457880287604,0.471796552857026,-0.5109801598668318,0.6044896725148875
0.3842055511652711,0.46423696487546284,-0.5146107026422387,0.6099557030006936
0.3656259948118894,0.4527091693937382,-0.5220256252749005,0.6235874328600578
0.34381909617451367,0.4330065694201531,-0.5356523188978205,0.6382556957866639
0.3421885689503501,0.40158094383051973,-0.5577568161425002,0.6407394656788996
0.31231489181926675,0.3811489520592236,-0.5715562232744456,0.6561313651459804
0.30964784736664014,0.36207090492122984,-0.586845189988809,0.6547026755846707
0.3004666973485873,0.33579263627900635,-0.6003294389960184,0.6607326493219124
0.27962882064950423,0.31730481123722803,-0.6132315011131156,0.6671375461405462
-0.28578241852840874,-0.26021385820510406,0.6357325720384348,-0.6681775618108288
-0.25103277257682,-0.25925342346771785,0.6418977172144794,-0.6765630274760089
-0.22997949909784918,-0.2290800515567326,0.6591200767584735,-0.6783748848441924
-0.20707627934743672,-0.1858889522220031,0.6780727230233915,-0.680280893649874
-0.20281190679009545,-0.17847295552247608,0.6795870514638237,-0.6820382497294005
-0.1829589198359854,-0.16111914989744613,0.6888066192462606,-0.6827240251165257
-0.1762595676217086,-0.15559868579804226,0.6853535916868879,-0.6892111927135346
0.1557862441921914,0.17887326167008216,-0.7058424290403886,0.667473945368927
0.1643058689295548,0.16791611723302513,-0.7019170493583785,0.6723988510019304
0.15790628248188415,0.1724652346594645,-0.7057131263695411,0.6687976764734874
0.1597206972376998,0.1740317768049615,-0.709021584294,0.6644476145951895
0.16848102939471207,0.17083985655383482,-0.698849115853511,0.6738232701662425
0.16475985236176918,0.18605338521369888,-0.6977517745883964,0.671848785039457
0.2149953291684389,0.2173414398447147,-0.6778357428084955,0.6686392246445283
0.24032897398242514,0.24408898029291093,-0.6696068419176904,0.6590062452064767
0.32919398565369046,0.32639102330680825,-0.6328231988959051,0.6201895022114824
0.3646042628770673,0.3734719705458497,-0.6016233008405231,0.6046749726871651
0.35769378003423696,0.3796762664496014,-0.5948380511025289,0.6116116295331993
-0.5308776516761896,-0.39918527299608864,0.5810207271193844,-0.4703561963357923
-0.5290236040428608,-0.3896369781556842,0.5873697916412267,-0.47256087384225054
-0.519881024738795,-0.39400739561277265,0.5830506414884613,-0.484286941573768
0.39566465138900514,0.5404522256451258,-0.4512980792975074,0.5896532193237206
0.41193971002111784,0.5370989444520379,-0.45584962915618504,0.5779545957723604
0.4197134637966629,0.5638034386057431,-0.4260280975628555,0.5696194791359592
0.4197134637966629,0.5638034386057431,-0.4260280975628555,0.5696194791359592
0.4197134637966629,0.5638034386057431,-0.4260280975628555,0.5696194791359592
0.4197134637966629,0.5638034386057431,-0.4260280975628555,0.5696194791359592
0.4197134637966629,0.5638034386057431,-0.4260280975628555,0.5696194791359592
0.4197134637966629,0.5638034386057431,-0.4260280975628555,0.5696194791359592
0.4197134637966629,0.5638034386057431,-0.4260280975628555,0.5696194791359592
0.4197134637966629,0.5638034386057431,-0.4260280975628555,0.5696194791359592
0.4197134637966629,0.5638034386057431,-0.4260280975628555,0.5696194791359592
0.4197134637966629,0.5638034386057431,-0.4260280975628555,0.5696194791359592
0.4197134637966629,0.5638034386057431,-0.4260280975628555,0.5696194791359592
0.4197134637966629,0.5638034386057431,-0.4260280975628555,0.5696194791359592
0.4197134637966629,0.5638034386057431,-0.4260280975628555,0.5696194791359592
0.4197134637966629,0.5638034386057431,-0.4260280975628555,0.5696194791359592
0.4197134637966629,0.5638034386057431,-0.4260280975628555,0.5696194791359592
0.4197134637966629,0.5638034386057431,-0.4260280975628555,0.5696194791359592
0.4197134637966629,0.5638034386057431,-0.4260280975628555,0.5696194791359592
0.4197134637966629,0.5638034386057431,-0.4260280975628555,0.5696194791359592
0.4197134637966629,0.5638034386057431,-0.4260280975628555,0.5696194791359592
0.4197134637966629,0.5638034386057431,-0.4260280975628555,0.5696194791359592
0.4197134637966629,0.5638034386057431,-0.4260280975628555,0.5696194791359592
0.4197134637966629,0.5638034386057431,-0.4260280975628555,0.5696194791359592
0.4197134637966629,0.5638034386057431,-0.4260280975628555,0.5696194791359592
0.4197134637966629,0.5638034386057431,-0.4260280975628555,0.5696194791359592
0.4197134637966629,0.5638034386057431,-0.4260280975628555,0.5696194791359592
0.4197134637966629,0.5638034386057431,-0.4260280975628555,0.5696194791359592
0.4197134637966629,0.5638034386057431,-0.4260280975628555,0.5696194791359592
0.4197134637966629,0.5638034386057431,-0.4260280975628555,0.5696194791359592
0.4197134637966629,0.5638034386057431,-0.4260280975628555,0.5696194791359592
0.4197134637966629,0.5638034386057431,-0.4260280975628555,0.5696194791359592
0.4197134637966629,0.5638034386057431,-0.4260280975628555,0.5696194791359592
0.4197134637966629,0.5638034386057431,-0.4260280975628555,0.5696194791359592
0.4197134637966629,0.5638034386057431,-0.4260280975628555,0.5696194791359592
0.4197134637966629,0.5638034386057431,-0.4260280975628555,0.5696194791359592
0.4197134637966629,0.5638034386057431,-0.4260280975628555,0.5696194791359592
0.4197134637966629,0.5638034386057431,-0.4260280975628555,0.5696194791359592
0.4197134637966629,0.5638034386057431,-0.4260280975628555,0.5696194791359592
0.4197134637966629,0.5638034386057431,-0.4260280975628555,0.5696194791359592
0.4197134637966629,0.5638034386057431,-0.4260280975628555,0.5696194791359592
0.4197134637966629,0.5638034386057431,-0.4260280975628555,0.5696194791359592
0.4197134637966629,0.5638034386057431,-0.4260280975628555,0.5696194791359592
0.4197134637966629,0.5638034386057431,-0.4260280975628555,0.5696194791359592
0.4197134637966629,0.5638034386057431,-0.4260280975628555,0.5696194791359592
0.4197134637966629,0.5638034386057431,-0.4260280975628555,0.5696194791359592
0.4197134637966629,0.5638034386057431,-0.4260280975628555,0.5696194791359592
0.4197134637966629,0.5638034386057431,-0.4260280975628555,0.5696194791359592
0.4197134637966629,0.5638034386057431,-0.4260280975628555,0.5696194791359592
0.4197134637966629,0.5638034386057431,-0.4260280975628555,0.5696194791359592
0.4197134637966629,0.5638034386057431,-0.4260280975628555,0.5696194791359592
0.4197134637966629,0.5638034386057431,-0.4260280975628555,0.5696194791359592
0.4197134637966629,0.5638034386057431,-0.4260280975628555,0.5696194791359592
0.4197134637966629,0.5638034386057431,-0.4260280975628555,0.5696194791359592
0.4197134637966629,0.5638034386057431,-0.4260280975628555,0.5696194791359592
